{
   "DATA_PATH": "M:/malab/_Data/20250210 - Santi - RFSoC tprocv2 - LL8qubit meas/20250220 - fullchipchar - flux/setup",
   "zcu216_info": {
      "ns_host": "192.168.1.161",
      "ns_port": 8000,
      "proxy_name": "rfsoc",
      "fast_gen_chs": [
         0,
         1,
         2,
         3
      ],
      "mux_gen_chs": [
         4
      ],
      "inter_gen_chs": [
         5,
         6,
         7,
         8,
         9,
         10,
         11,
         12,
         13,
         14,
         15
      ],
      "dyn_ro_chs": [
         0,
         1
      ],
      "mux_ro_chs": [
         2,
         3,
         4,
         5,
         6,
         7,
         8,
         9
      ]
   },
   "config": {
      "full_auto": 1,
      "num_qubits": 8,
      "qubit_index": 0,
      "SS": "False",
      "MUX": "True",
      "dac": [
         0,
         0,
         0,
         0,
         0,
         0,
         0,
         0,
         0
      ],
      "hw_cfg": {
         "qubit_ch": [
            0,
            0,
            0,
            0,
            0,
            0,
            0,
            0
         ],
         "res_ch": [
            1,
            1,
            1,
            1,
            1,
            1,
            1,
            1
         ],
         "qubit_ch_ef": [
            0,
            0,
            0,
            0,
            0,
            0,
            0,
            0
         ],
         "mux_ch": 4,
         "nqz_qubit": 1,
         "nqz_res": 2,
         "ro_ch": [
            0,
            0,
            0,
            0,
            0,
            0,
            0,
            0
         ],
         "mux_ro_chs": [
            2,
            3,
            4,
            5,
            6,
            7,
            8,
            9
         ]
      },
      "readout_cfg": {
         "trig_time": 0.76,
         "ro_length": 3,
         "mixer_freq": 6000,
         "res_freq_ge": [
            6245.861455192566,
            6170.390609588622,
            6303.737471122742,
            6201.673188705444,
            6125.897677688598,
            6225.080059585572,
            6149.088061256409,
            6273.03604473114
         ],
         "res_gain_ge": [
            0.2,
            0.25,
            0.2,
            0.2,
            0.4,
            0.2,
            0.4,
            0.2
         ],
         "res_length_ge": 3,
         "res_freq_ef": [
            0,
            0,
            0,
            0,
            0,
            0,
            0,
            0
         ],
         "res_gain_ef": [
            0,
            0,
            0,
            0,
            0,
            0,
            0,
            0
         ],
         "res_length_ef": 3,
         "res_phase": [
            0,
            0,
            0,
            0,
            0,
            0,
            0,
            0
         ],
         "threshold": [
            0,
            0,
            0,
            0,
            0,
            0,
            0,
            0
         ]
      },
      "qubit_cfg": {
         "qubit_freq_ge": [
            4163.145871431656,
            4278.230775477831,
            3894.3688328564695,
            3600.116213086959,
            3649.2483251474123,
            3806.701763366524,
            3898.479255668981,
            3748.243752960932
         ],
         "qubit_gain_ge": [
            0.48411119272491715,
            0.27331926226049735,
            0.523,
            0.712325321569036,
            0.38876587819019,
            0.8571123043163307,
            0.44420590182035313,
            0.457973111729528
         ],
         "qubit_length_ge": 100,
         "qubit_freq_ef": [
            0,
            0,
            0,
            0,
            0,
            0,
            0,
            0
         ],
         "qubit_gain_ef": [
            0,
            0,
            0,
            0,
            0,
            0,
            0,
            0
         ],
         "qubit_length_ef": 25.0,
         "qubit_phase": 0,
         "sigma_ge": [
            0.02,
            0.02,
            0.02,
            0.02,
            0.02,
            0.02,
            0.02,
            0.02
         ],
         "sigma_ef": [
            0,
            0,
            0,
            0,
            0,
            0,
            0,
            0
         ],
         "flux_freq": 0,
         "flux_gain": 0,
         "flux_length": 0,
         "t2": 0,
         "t1": 0
      }
   },
   "expt_cfg": {
      "tof": {
         "reps": 1,
         "soft_avgs": 1000,
         "relax_delay": 100
      },
      "res_spec_ge": {
         "reps": 200,
         "py_avg": 10,
         "start": [
            6120.0,
            6165.0,
            6300.0,
            6195.0,
            6122.0,
            6220.0,
            6145.0,
            6270.0
         ],
         "stop": [
            6320.0,
            6175.0,
            6310.0,
            6205.0,
            6132.0,
            6230.0,
            6155.0,
            6280.0
         ],
         "steps": 2000,
         "relax_delay": 0.5
      },
      "res_spec_mux": {
         "reps": 100,
         "py_avg": 10,
         "start": -2.5,
         "expts": 500,
         "step": 0.01,
         "relax_delay": 0.5,
         "freqs": [
            6245.771455192566,
            6170.350609588622,
            6303.767471122742,
            6201.653188705443,
            6125.867677688599,
            6225.0700595855715,
            6149.068061256408,
            6273.04604473114
         ]
      },
      "qubit_spec_ge": {
         "reps": 100,
         "py_avg": 10,
         "start": [
            4150,
            4270,
            3890,
            3590,
            3640,
            3800,
            3890,
            3740
         ],
         "stop": [
            4170,
            4290,
            3910,
            3610,
            3660,
            3820,
            3910,
            3760
         ],
         "steps": 150,
         "relax_delay": 200
      },
      "time_rabi_ge": {
         "reps": 1000,
         "py_avg": 10,
         "start": [
            0.02,
            0.02,
            0.02,
            0.02,
            0.02,
            0.02,
            0.02,
            0.02
         ],
         "expts": [
            50,
            50,
            50,
            50,
            50,
            50,
            50,
            50
         ],
         "step": 0.02,
         "relax_delay": 200
      },
      "power_rabi_ge": {
         "reps": 200,
         "py_avg": 10,
         "start": [
            0.0,
            0.0,
            0.0,
            0.0,
            0.0,
            0.0,
            0.0,
            0.0
         ],
         "stop": [
            1.0,
            1.0,
            1.0,
            1.0,
            1.0,
            1.0,
            1.0,
            1.0
         ],
         "steps": 100,
         "relax_delay": 200
      },
      "Ramsey_ge": {
         "reps": 200,
         "py_avg": 10,
         "start": [
            0.0,
            0.0,
            0.0,
            0.0,
            0.0,
            0.0,
            0.0,
            0.0
         ],
         "stop": [
            3,
            20,
            20,
            20,
            20,
            20,
            20,
            20
         ],
         "steps": 150,
         "ramsey_freq": 1.5,
         "relax_delay": 100,
         "wait_time": 0.0
      },
      "SpinEcho_ge": {
         "reps": 200,
         "py_avg": 10,
         "start": [
            0.0,
            0.0,
            0.0,
            0.0,
            0.0,
            0.0,
            0.0,
            0.0
         ],
         "stop": [
            5,
            20,
            20,
            20,
            20,
            20,
            20,
            20
         ],
         "steps": 150,
         "ramsey_freq": 1,