{
   "DATA_PATH": "M:/malab/_Data/20250324 - Santi - RFSoC tprocv2 - LL8qubit meas/20250324 - initial characterization",
   "zcu216_info": {
      "ns_host": "192.168.1.161",
      "ns_port": 8000,
      "proxy_name": "rfsoc",
      "fast_gen_chs": [
         0,
         1,
         2,
         3
      ],
      "mux_gen_chs": [
         4
      ],
      "inter_gen_chs": [
         5,
         6,
         7,
         8,
         9,
         10,
         11,
         12,
         13,
         14,
         15
      ],
      "dyn_ro_chs": [
         0,
         1
      ],
      "mux_ro_chs": [
         2,
         3,
         4,
         5,
         6,
         7,
         8,
         9
      ]
   },
   "config": {
      "full_auto": 1,
      "num_qubits": 8,
      "qubit_index": 7,
      "SS": "True",
      "MUX": "True",
      "dac": [
         0,
         0,
         3,
         2,
         0,
         0,
         2,
         2,
         2
      ],
      "hw_cfg": {
         "qubit_ch": [
            0,
            0,
            0,
            0,
            0,
            0,
            0,
            0
         ],
         "res_ch": [
            1,
            1,
            1,
            1,
            1,
            1,
            1,
            1
         ],
         "qubit_ch_ef": [
            0,
            0,
            0,
            0,
            0,
            0,
            0,
            0
         ],
         "mux_ch": 4,
         "nqz_qubit": 1,
         "nqz_res": 2,
         "ro_ch": [
            0,
            0,
            0,
            0,
            0,
            0,
            0,
            0
         ],
         "mux_ro_chs": [
            2,
            3,
            4,
            5,
            6,
            7,
            8,
            9
         ]
      },
      "readout_cfg": {
         "trig_time": 0.78,
         "ro_length": 3,
         "mixer_freq": 6000,
         "res_freq_ge": [
            6245.381455192565,
            6169.920609588622,
            6303.237471122742,
            6201.473188705443,
            6125.657677688599,
            6224.890059585571,
            6148.988061256408,
            6272.85604473114
         ]
         ,
         "res_gain_ge": [
            0.2,
            0.2,
            0.2,
            0.2,
            0.2,
            0.2,
            0.2,
            0.2
         ],
         "res_length_ge": 3,
         "res_freq_ef": [
            0,
            0,
            0,
            0,
            0,
            0,
            0,
            0
         ],
         "res_gain_ef": [
            0,
            0,
            0,
            0,
            0,
            0,
            0,
            0
         ],
         "res_length_ef": 3,
         "res_phase": [
            0,
            0,
            0,
            0,
            0,
            0,
            0,
            0
         ],
         "threshold": [
            0,
            0,
            0,
            0,
            0,
            0,
            0,
            0
         ]
      },
      "qubit_cfg": {
         "qubit_freq_ge": [
            4083.2275756461713, 
            4190.227863203365, 
            3681.678819176206, 
            3676.716533750981, 
            3653.523794537821, 
            3880.523999903168, 
            4000.2649395694366, 
            3836.207382471576]
         ,
         "qubit_gain_ge": [
            0.18257622007674093,
            0.41538919323367784,
            0.0,
            0.0,
            0.0,
            0.2527829862665128,
            0.42153223996396233,
            0.3146862534793845
         ],
         "qubit_length_ge": 100,
         "qubit_freq_ef": [
            0,
            0,
            0,
            0,
            0,
            0,
            0,
            0
         ],
         "qubit_gain_ef": [
            0,
            0,
            0,
            0,
            0,
            0,
            0,
            0
         ],
         "qubit_length_ef": 25.0,
         "qubit_phase": 0,
         "sigma_ge": [
            0.05,
            0.05,
            0.05,
            0.05,
            0.05,
            0.05,
            0.05,
            0.05
         ],
         "sigma_ef": [
            0,
            0,
            0,
            0,
            0,
            0,
            0,
            0
         ],
         "flux_freq": 0,
         "flux_gain": 0,
         "flux_length": 0,
         "t2": 0,
         "t1": 0
      }
   },
   "expt_cfg": {
      "tof": {
         "reps": 1,
         "soft_avgs": 1000,
         "relax_delay": 100
      },
      "res_spec_ge": {
         "reps": 200,
         "py_avg": 10,
         "start": [
            6241.0,
            6165.0,
            6300.0,
            6197.0,
            6122.0,
            6221.0,
            6144.0,
            6270.0
         ],
         "stop": [
            6251.0,
            6175.0,
            6310.0,
            6207.0,
            6132.0,
            6231.0,
            6154.0,
            6280.0
         ],
         "steps": 2000,
         "relax_delay": 0.5
      },
      "res_spec_mux": {
         "reps": 100,
         "py_avg": 10,
         "start": -2.5,
         "expts": 500,
         "step": 0.01,
         "relax_delay": 0.5,
         "freqs": [
            6245.771455192566,
            6170.350609588622,
            6303.767471122742,
            6201.653188705443,
            6125.867677688599,
            6225.0700595855715,
            6149.068061256408,
            6273.04604473114
         ]
      },
      "qubit_spec_ge": {
         "reps": 100,
         "py_avg": 10,
         "start": [
            3500,
            3500,
            3500,
            3500,
            3500,
            3500,
            3500,
            3500
         ],
         "stop": [
            4300,
            4300,
            4300,
            4300,
            4300,
            4300,
            4300,
            4300
         ],
         "steps": 800,
         "relax_delay": 200
      },
      "time_rabi_ge": {
         "reps": 1000,
         "py_avg": 10,
         "start": [
            0.02,
            0.02,
            0.02,
            0.02,
            0.02,
            0.02,
            0.02,
            0.02
         ],
         "expts": [
            50,
            50,
            50,
            50,
            50,
            50,
            50,
            50
         ],
         "step": 0.02,
         "relax_delay": 200
      },
      "power_rabi_ge": {
         "reps": 200,
         "py_avg": 10,
         "start": [
            0.0,
            0.0,
            0.0,
            0.0,
            0.0,
            0.0,
            0.0,
            0.0
         ],
         "stop": [
            1.0,
            1.0,
            1.0,
            1.0,
            1.0,
            1.0,
            1.0,
            1.0
         ],
         "steps": 100,
         "relax_delay": 200
      },
      "Ramsey_ge": {
         "reps": 200,
         "py_avg": 10,
         "start": [
            0.0,
            0.0,
            0.0,
            0.0,
            0.0,
            0.0,
            0.0,
            0.0
         ],
         "stop": [
            5,
            5,
            5,
            5,
            5,
            5,
            5,
            5
         ],
         "steps": 150,
         "ramsey_freq": 1.5,
         "relax_delay": 200,
         "wait_time": 0.0
      },
      "SpinEcho_ge": {
         "reps": 200,
         "py_avg": 10,
         "start": [
            0.0,
            0.0,
            0.0,
            0.0,
            0.0,
            0.0,
            0.0,
            0.0
         ],
         "stop": [
            5,
            20,
            20,
            20,
            20,
            20,
            20,
            20
         ],
         "steps": 150,
         "ramsey_freq": 1,
         "relax_delay": 500,