{
   "DATA_PATH": "M:/malab/_Data/20250120 - Santi - RFSoC tprocv2 - LL8qubit T1/data/qubit_0_sweep/00049",
   "zcu216_info": {
      "ns_host": "192.168.1.147",
      "ns_port": 8000,
      "proxy_name": "rfsoc",
      "fast_gen_chs": [
         0,
         1,
         2,
         3
      ],
      "mux_gen_chs": [
         4
      ],
      "inter_gen_chs": [
         5,
         6,
         7,
         8,
         9,
         10,
         11,
         12,
         13,
         14,
         15
      ],
      "dyn_ro_chs": [
         0,
         1
      ],
      "mux_ro_chs": [
         2,
         3,
         4,
         5,
         6,
         7,
         8,
         9
      ]
   },
   "config": {
      "full_auto": 1,
      "num_qubits": 8,
      "qubit_index": 0,
      "SS": "True",
      "MUX": "False",
      "dac": [
         0.4,
         -0.60702928667,
         4.1127750556,
         3.2257080716,
         0.7568830143,
         0.68234250385,
         0.40774462005,
         0.57689234244,
         0.62616756845
      ],
      "hw_cfg": {
         "qubit_ch": [
            0,
            0,
            0,
            0,
            0,
            0,
            0,
            0
         ],
         "res_ch": [
            1,
            1,
            1,
            1,
            1,
            1,
            1,
            1
         ],
         "qubit_ch_ef": [
            0,
            0,
            0,
            0,
            0,
            0,
            0,
            0
         ],
         "mux_ch": 4,
         "nqz_qubit": 1,
         "nqz_res": 2,
         "ro_ch": [
            0,
            0,
            0,
            0,
            0,
            0,
            0,
            0
         ],
         "mux_ro_chs": [
            2,
            3,
            4,
            5,
            6,
            7,
            8,
            9
         ]
      },
      "readout_cfg": {
         "trig_time": 0.5,
         "ro_length": 3,
         "mixer_freq": 6000,
         "res_freq_ge": [
            6245.532731736004,
            0,
            0,
            0,
            0,
            0,
            0,
            0
         ],
         "res_gain_ge": [
            0.01,
            0,
            0,
            0,
            0,
            0,
            0,
            0
         ],
         "res_length_ge": 3,
         "res_freq_ef": [
            0,
            0,
            0,
            0,
            0,
            0,
            0,
            0
         ],
         "res_gain_ef": [
            0,
            0,
            0,
            0,
            0,
            0,
            0,
            0
         ],
         "res_length_ef": 3,
         "res_phase": [
            0,
            0,
            0,
            0,
            0,
            0,
            0,
            0
         ],
         "threshold": [
            0,
            0,
            0,
            0,
            0,
            0,
            0,
            0
         ]
      },
      "qubit_cfg": {
         "qubit_freq_ge": [
            0,
            0,
            0,
            0,
            0,
            0,
            0,
            0
         ],
         "qubit_gain_ge": [
            0.05,
            0,
            0,
            0,
            0,
            0,
            0,
            0
         ],
         "qubit_length_ge": 25.0,
         "qubit_freq_ef": [
            0,
            0,
            0,
            0,
            0,
            0,
            0,
            0
         ],
         "qubit_gain_ef": [
            0,
            0,
            0,
            0,
            0,
            0,
            0,
            0
         ],
         "qubit_length_ef": 25.0,
         "qubit_phase": 0,
         "sigma_ge": [
            0.15,
            0.1,
            0.1,
            0.1,
            0.1,
            0.1,
            0.1,
            0.1
         ],
         "sigma_ef": [
            0,
            0,
            0,
            0,
            0,
            0,
            0,
            0
         ],
         "flux_freq": 0,
         "flux_gain": 0,
         "flux_length": 0,
         "t2": 0,
         "t1": 0
      }
   },
   "expt_cfg": {
      "tof": {
         "reps": 1,
         "soft_avgs": 1000,
         "relax_delay": 1000
      },
      "res_spec_ge": {
         "reps": 200,
         "py_avg": 10,
         "start": [
            6242.0,
            0.0,
            0.0,
            0.0,
            0.0,
            0.0,
            0.0,
            0.0
         ],
         "stop": [
            6252.0,
            0.0,
            0.0,
            0.0,
            0.0,
            0.0,
            0.0,
            0.0
         ],
         "steps": 500,
         "relax_delay": 0.5
      },
      "res_spec_mux": {
         "reps": 100,
         "py_avg": 10,
         "start": -2.5,
         "expts": 500,
         "step": 0.01,
         "relax_delay": 0.5,
         "freqs": [
            0.0,
            0.0,
            0.0,
            0.0,
            0.0,
            0.0,
            0.0,
            0.0
         ]
      },
      "qubit_spec_ge": {
         "reps": 100,
         "py_avg": 10,
         "start": [
            4490.0,
            0.0,
            0.0,
            0.0,
            0.0,
            0.0,
            0.0,
            0.0
         ],
         "stop": [
            4520.0,
            0.0,
            0.0,
            0.0,
            0.0,
            0.0,
            0.0,
            0.0
         ],
         "steps": 100,
         "relax_delay": 200
      },
      "time_rabi_ge": {
         "reps": 1000,
         "py_avg": 10,
         "start": [
            0.02,
            0.02,
            0.02,
            0.02,
            0.02,
            0.02,
            0.02,
            0.02
         ],
         "expts": [
            50,
            50,
            50,
            50,
            50,
            50,
            50,
            50
         ],
         "step": 0.02,
         "relax_delay": 200
      },
      "power_rabi_ge": {
         "reps": 200,
         "py_avg": 10,
         "start": [
            0.0,
            0.0,
            0.0,
            0.0,
            0.0,
            0.0,
            0.0,
            0.0
         ],
         "stop": [
            1.0,
            1.0,
            1.0,
            1.0,
            1.0,
            1.0,
            1.0,
            1.0
         ],
         "steps": 100,
         "relax_delay": 200
      },
      "Ramsey_ge": {
         "reps": 200,
         "py_avg": 10,
         "start": [
            0.0,
            0.0,
            0.0,
            0.0,
            0.0,
            0.0,
            0.0,
            0.0
         ],
         "stop": [
            20,
            20,
            20,
            20,
            20,
            20,
            20,
            20
         ],
         "steps": 150,
         "ramsey_freq": 0.5,
         "relax_delay": 200,
         "wait_time": 0.0
      },
      "SpinEcho_ge": {
         "reps": 1000,
         "py_avg": 10,
         "start": [
            0.0,
            0.0,
            0.0,
            0.0,
            0.0,
            0.0,
            0.0,
            0.0
         ],
         "stop": [
            50,
            50,
            50,
            50,
            50,
            50,
            50,
            50
         ],
         "steps": 150,
         "ramsey_freq": 0.3,
         "relax_delay": 500,
         "wait_time": 0.0
      },
      "T1_ge": {
         "reps": 200,
         "py_avg": 10,
         "start": [
            0.0,
            0.0,
            0.0,
            0.0,
            0.0,
            0.0,
            0.0,
            0.0
         ],
         "stop": [
            150.0,
            200.0,
            200.0,
            200.0,
            200.0,
            200.0,
            200.0,
            200.0
         ],