{
   "DATA_PATH": "M:/malab/_Data/20250516_automation_testing",
   "zcu216_info": {
      "ns_host": "192.168.1.164",
      "ns_port": 8000,
      "proxy_name": "rfsoc",
      "fast_gen_chs": [
         0,
         1,
         2,
         3
      ],
      "mux_gen_chs": [
         4
      ],
      "inter_gen_chs": [
         5,
         6,
         7,
         8,
         9,
         10,
         11,
         12,
         13,
         14,
         15
      ],
      "dyn_ro_chs": [
         0,
         1
      ],
      "mux_ro_chs": [
         2,
         3,
         4,
         5,
         6,
         7,
         8,
         9
      ]
   },
   "config": {
      "full_auto": 1,
      "num_qubits": 8,
      "qubit_index": 6,
      "SS": "True",
      "MUX": "False",
      "dac": [
         1.6,
         -0.050049141000000005,
         -0.7645798370000001,
         -0.387192074,
         -0.47934431,
         -0.63642326,
         0.6985169600000001,
         0.44527936999999995,
         -0.436115634
      ],
      "ff_cfg": {
         "amp": [
            0,
            0,
            0,
            0,
            0,
            0,
            0,
            0
         ],
         "length": [
            0,
            0,
            0,
            0,
            0,
            0,
            0,
            0
         ],
         "ro_delay": [
            0,
            0,
            0,
            0,
            0,
            0,
            0,
            0
         ],
         "q_time": [
            0,
            0,
            0,
            0,
            0,
            0,
            0,
            0
         ]
      },
      "hw_cfg": {
         "qubit_ch": [
            0,
            0,
            0,
            0,
            0,
            0,
            0,
            0
         ],
         "res_ch": [
            1,
            1,
            1,
            1,
            1,
            1,
            1,
            1
         ],
         "qubit_ch_ef": [
            0,
            0,
            0,
            0,
            0,
            0,
            0,
            0
         ],
         "mux_ch": 4,
         "nqz_qubit": 1,
         "nqz_res": 2,
         "ro_ch": [
            0,
            0,
            0,
            0,
            0,
            0,
            0,
            0
         ],
         "mux_ro_chs": [
            2,
            3,
            4,
            5,
            6,
            7,
            8,
            9
         ]
      },
      "readout_cfg": {
         "trig_time": 0.5,
         "ro_length": 3,
         "mixer_freq": 4500,
         "res_freq_ge": [
            6245.16937007904,
            6169.0186580657955,
            6303.013994407654,
            6201.370289039612,
            6125.315401840209,
            6225.269832229614,
            6148.973084449768,
            6272.461433029175
         ],
         "res_gain_ge": [
            0.001,
            0.001,
            0.001,
            0.001,
            0.001,
            0.001,
            0.001,
            0.001
         ],
         "res_length_ge": 3,
         "res_freq_ef": [
            0,
            0,
            0,
            0,
            0,
            0,
            0,
            0
         ],
         "res_gain_ef": [
            0,
            0,
            0,
            0,
            0,
            0,
            0,
            0
         ],
         "res_length_ef": 3,
         "res_phase": [
            0,
            0,
            0,
            0,
            0,
            0,
            0,
            0
         ],
         "threshold": [
            0,
            0,
            0,
            0,
            0,
            0,
            0,
            0
         ]
      },
      "qubit_cfg": {
         "qubit_freq_ge": [
            4031.233060401009,
            4147.590613881003,
            3659.239232331348,
            3722.23217687996,
            3885.1958891256277,
            4216.099345447176,
            4087.812416441082,
            3762.7642501058886
         ],
         "qubit_gain_ge": [
            0.5,
            0.2,
            0.2,
            0.1,
            0.2,
            0.3,
            0.3,
            0.2
         ],
         "qubit_length_ge": 20,
         "qubit_freq_ef": [
            0,
            0,
            0,
            0,
            0,
            0,
            0,
            0
         ],
         "qubit_gain_ef": [
            0,
            0,
            0,
            0,
            0,
            0,
            0,
            0
         ],
         "qubit_length_ef": 25.0,
         "qubit_phase": 0,
         "sigma_ge": [
            0.05,
            0.05,
            0.05,
            0.05,
            0.05,
            0.03,
            0.02,
            0.05
         ],
         "sigma_ef": [
            0,
            0,
            0,
            0,
            0,
            0,
            0,
            0
         ],
         "flux_freq": 0,
         "flux_gain": 0,
         "flux_length": 0,
         "t2": 0,
         "t1": 0
      }
   },
   "expt_cfg": {
      "tof": {
         "reps": 1,
         "soft_avgs": 1000,
         "relax_delay": 100
      },
      "res_spec_ge": {
         "reps": 100,
         "py_avg": 5,
         "start": [
            6241.0,
            6165.0,
            6300.0,
            6197.0,
            6122.0,
            6221.0,
            6144.0,
            6270.0
         ],
         "stop": [
            6251.0,
            6175.0,
            6310.0,
            6207.0,
            6132.0,
            6231.0,
            6154.0,
            6280.0
         ],
         "steps": 100,
         "relax_delay": 0.5
      },
      "res_spec_mux": {
         "reps": 100,
         "py_avg": 10,
         "start": -5,
         "expts": 500,
         "step": 0.02,
         "relax_delay": 0.5,
         "freqs": [
            6246.8114551925655,
            6171.950609588623,
            6306.407471122742,
            6206.6131887054435,
            6131.767677688599,
            6229.330059585572,
            6155.068061256408,
            6277.60604473114
         ]
      },
      "qubit_spec_ge": {
         "reps": 100,
         "py_avg": 5,
         "start": [
            3980,
            3713.6302194595337,
            3600,
            3680,
            3675.250120735168,
            4160,
            4000,
            3710
         ],
         "stop": [
            4080,
            3813.6302194595337,
            3700,
            3780,
            3775.250120735168,
            4260,
            4200,
            3810
         ],
         "steps": 100,
         "relax_delay": 0.5
      },
      "time_rabi_ge": {
         "reps": 1000,
         "py_avg": 10,
         "start": [
            0.02,
            0.02,
            0.02,
            0.02,
            0.02,
            0.02,
            0.02,
            0.02
         ],
         "expts": [
            50,
            50,
            50,
            50,
            50,
            50,
            50,
            50
         ],
         "step": 0.02,
         "relax_delay": 200
      },
      "power_rabi_ge": {
         "reps": 100,
         "py_avg": 10,
         "start": [
            0.0,
            0.0,
            0.0,
            0.0,
            0.0,
            0.0,
            0.0,
            0.0
         ],
         "stop": [
            1.0,
            1.0,
            1.0,
            1.0,
            1.0,
            1.0,
            1.0,
            1.0
         ],
         "steps": 100,
         "relax_delay": 200
      },
      "Ramsey_ge": {
         "reps": 200,
         "py_avg": 10,
         "start": [
            0.0,
            0.0,
            0.0,
            0.0,
            0.0,
            0.0,
            0.0,
            0.0
         ],